CODE,Name,Latin,license notice HTML (https://lizenzhinweisgenerator.de/),Photolink,license notice for plain text 
ACACH,Rifleman,Acanthisitta chloris,"<a href=""https://www.flickr.com/people/68608379@N00"">digitaltrails</a>, <a href=""https://commons.wikimedia.org/wiki/File:Lake_Sylvan_-_Rifleman_(5626163357).jpg"">Lake Sylvan - Rifleman (5626163357)</a>, <a href=""https://creativecommons.org/licenses/by-sa/2.0/legalcode"" rel=""license"">CC BY-SA 2.0</a>",https://upload.wikimedia.org/wikipedia/commons/c/c8/Lake_Sylvan_-_Rifleman_%285626163357%29.jpg,"digitaltrails (https://commons.wikimedia.org/wiki/File:Lake_Sylvan_-_Rifleman_(5626163357).jpg), „Lake Sylvan - Rifleman (5626163357)“, https://creativecommons.org/licenses/by-sa/2.0/legalcode"
ANAPL,Pekin duck,Anas platyrhynchos domestica,,,
CAPCA,Chuck-will's-widow,Antrostomus carolinensis,"<a href=""https://commons.wikimedia.org/wiki/User:DickDaniels"">DickDaniels</a> (<a href=""http://carolinabirds.org/"">http://carolinabirds.org/</a>), <a href=""https://commons.wikimedia.org/wiki/File:Chuck-will's-widow_RWD2.jpg"">Chuck-will's-widow RWD2</a>, <a href=""https://creativecommons.org/licenses/by-sa/3.0/legalcode"" rel=""license"">CC BY-SA 3.0</a>",https://commons.wikimedia.org/wiki/File:Chuck-will%27s-widow_RWD2.jpg,"DickDaniels (http://carolinabirds.org/) (https://commons.wikimedia.org/wiki/File:Chuck-will's-widow_RWD2.jpg), „Chuck-will's-widow RWD2“, https://creativecommons.org/licenses/by-sa/3.0/legalcode"
APAVI,Bar-tailed trogon,Apaloderma vittatum,"<a href=""/w/index.php?title=Creator:John_Gerrard_Keulemans&amp;action=edit&amp;redlink=1"">Creator:John Gerrard Keulemans</a>, <a href=""https://commons.wikimedia.org/wiki/File:HapalodermaVittatumKeulemans.jpg"">HapalodermaVittatumKeulemans</a>, marked as public domain, more details on <a href=""https://commons.wikimedia.org/wiki/Template:PD-old"">Wikimedia Commons</a>",https://commons.wikimedia.org/wiki/File:HapalodermaVittatumKeulemans.jpg,"Creator:John Gerrard Keulemans (https://commons.wikimedia.org/wiki/File:HapalodermaVittatumKeulemans.jpg), „HapalodermaVittatumKeulemans“, marked as public domain, more details on Wikimedia Commons: https://commons.wikimedia.org/wiki/Template:PD-old"
APTFO,Emperor penguin,Aptenodytes forsteri,"Denis Luyten, <a href=""https://commons.wikimedia.org/wiki/File:2007_Snow-Hill-Island_Luyten-De-Hauwere-Emperor-Penguin-62.jpg"">2007 Snow-Hill-Island Luyten-De-Hauwere-Emperor-Penguin-62</a>, marked as public domain, more details on <a href=""https://commons.wikimedia.org/wiki/Template:PD-author"">Wikimedia Commons</a>",https://commons.wikimedia.org/wiki/File:2007_Snow-Hill-Island_Luyten-De-Hauwere-Emperor-Penguin-62.jpg,"Denis Luyten (https://commons.wikimedia.org/wiki/File:2007_Snow-Hill-Island_Luyten-De-Hauwere-Emperor-Penguin-62.jpg), „2007 Snow-Hill-Island Luyten-De-Hauwere-Emperor-Penguin-62“, marked as public domain, more details on Wikimedia Commons: https://commons.wikimedia.org/wiki/Template:PD-author"
BALRE,Grey-crowned crane,Balearica regulorum,"Frank Winkler, <a href=""https://commons.wikimedia.org/wiki/File:Grey-crowned-crane.jpg"">Grey-crowned-crane</a>, <a href=""https://creativecommons.org/publicdomain/zero/1.0/legalcode"" rel=""license"">CC0 1.0</a>",https://commons.wikimedia.org/wiki/File:Grey-crowned-crane.jpg,"Frank Winkler (https://commons.wikimedia.org/wiki/File:Grey-crowned-crane.jpg), „Grey-crowned-crane“, https://creativecommons.org/publicdomain/zero/1.0/legalcode"
BUCRH,Rhinoceros hornbill,Buceros rhinoceros,"<a href=""https://commons.wikimedia.org/wiki/User:Vassil"">Vassil</a>, <a href=""https://commons.wikimedia.org/wiki/File:ZooParc_de_Beauval_06082019_04_Calao_rhinocéros_de_Java_Buceros_rhinoceros_7397.jpg"">ZooParc de Beauval 06082019 04 Calao rhinocéros de Java Buceros rhinoceros 7397</a>, <a href=""https://creativecommons.org/publicdomain/zero/1.0/legalcode"" rel=""license"">CC0 1.0</a>",https://commons.wikimedia.org/wiki/File:ZooParc_de_Beauval_06082019_04_Calao_rhinoc%C3%A9ros_de_Java_Buceros_rhinoceros_7397.jpg,"Vassil (https://commons.wikimedia.org/wiki/File:ZooParc_de_Beauval_06082019_04_Calao_rhinocéros_de_Java_Buceros_rhinoceros_7397.jpg), „ZooParc de Beauval 06082019 04 Calao rhinocéros de Java Buceros rhinoceros 7397“, https://creativecommons.org/publicdomain/zero/1.0/legalcode"
CALAN,Anna's hummingbird,Calypte anna,"<a href=""https://commons.wikimedia.org/wiki/User:Paddyspig"">Paddyspig</a>, <a href=""https://commons.wikimedia.org/wiki/File:Fem_Anna's_Hummingbird.jpg"">Fem Anna's Hummingbird</a>, marked as public domain, more details on <a href=""https://commons.wikimedia.org/wiki/Template:PD-self"">Wikimedia Commons</a>",https://commons.wikimedia.org/wiki/File:Fem_Anna%27s_Hummingbird.jpg,"Paddyspig (https://commons.wikimedia.org/wiki/File:Fem_Anna's_Hummingbird.jpg), „Fem Anna's Hummingbird“, marked as public domain, more details on Wikimedia Commons: https://commons.wikimedia.org/wiki/Template:PD-self"
CARCR,Red-legged seriema,Cariama cristata,"<a href=""https://commons.wikimedia.org/wiki/User:Jebulon"">Jebulon</a>, <a href=""https://commons.wikimedia.org/wiki/File:Cariama_cristata_Schönbrunn_Vienna.jpg"">Cariama cristata Schönbrunn Vienna</a>, <a href=""https://creativecommons.org/publicdomain/zero/1.0/legalcode"" rel=""license"">CC0 1.0</a>",https://commons.wikimedia.org/wiki/File:Cariama_cristata_Sch%C3%B6nbrunn_Vienna.jpg,"Jebulon (https://commons.wikimedia.org/wiki/File:Cariama_cristata_Schönbrunn_Vienna.jpg), „Cariama cristata Schönbrunn Vienna“, https://creativecommons.org/publicdomain/zero/1.0/legalcode"
CATAU,Turkey vulture,Cathartes aura,"<a href=""https://www.flickr.com/people/8101022@N05"">ALAN SCHMIERER</a>, <a href=""https://commons.wikimedia.org/wiki/File:VULTURE,_TURKEY_(4-6-11)_patagonia_lake_state_park,_scc,_az_-01_(5595821123).jpg"">VULTURE, TURKEY (4-6-11) patagonia lake state park, scc, az -01 (5595821123)</a>, <a href=""https://creativecommons.org/publicdomain/zero/1.0/legalcode"" rel=""license"">CC0 1.0</a>","https://commons.wikimedia.org/wiki/File:VULTURE,_TURKEY_(4-6-11)_patagonia_lake_state_park,_scc,_az_-01_(5595821123).jpg","ALAN SCHMIERER (https://commons.wikimedia.org/wiki/File:VULTURE,_TURKEY_(4-6-11)_patagonia_lake_state_park,_scc,_az_-01_(5595821123).jpg), „VULTURE, TURKEY (4-6-11) patagonia lake state park, scc, az -01 (5595821123)“, https://creativecommons.org/publicdomain/zero/1.0/legalcode"
CHAPE,Chimney swift,Chaetura pelagica,"<a href=""https://www.flickr.com/people/9765210@N03"">Dominic Sherony</a>, <a href=""https://commons.wikimedia.org/wiki/File:ChaeturaPelagica.jpg"">ChaeturaPelagica</a>, <a href=""https://creativecommons.org/licenses/by-sa/2.0/legalcode"" rel=""license"">CC BY-SA 2.0</a>",https://commons.wikimedia.org/wiki/File:ChaeturaPelagica.jpg,"Dominic Sherony (https://commons.wikimedia.org/wiki/File:ChaeturaPelagica.jpg), „ChaeturaPelagica“, https://creativecommons.org/licenses/by-sa/2.0/legalcode"
CHAVO,Killdeer,Charadrius vociferus,"<a href=""https://www.flickr.com/people/8101022@N05"">ALAN SCHMIERER</a>, <a href=""https://commons.wikimedia.org/wiki/File:KILLDEER_(7-31-07)_-2_(968338570).jpg"">KILLDEER (7-31-07) -2 (968338570)</a>, <a href=""https://creativecommons.org/publicdomain/zero/1.0/legalcode"" rel=""license"">CC0 1.0</a>",https://commons.wikimedia.org/wiki/File:KILLDEER_(7-31-07)_-2_(968338570).jpg,"ALAN SCHMIERER (https://commons.wikimedia.org/wiki/File:KILLDEER_(7-31-07)_-2_(968338570).jpg), „KILLDEER (7-31-07) -2 (968338570)“, https://creativecommons.org/publicdomain/zero/1.0/legalcode"
CHLUN,MacQueen's bustard,Chlamydotis macqueenii,"<a href=""https://en.wikipedia.org/wiki/en:Henrik_Gr%C3%B8nvold"">Henrik Grönvold</a> creator QS:P170,Q1314154, <a href=""https://commons.wikimedia.org/wiki/File:Chlamydotis_macqueenii_1921.jpg"">Chlamydotis macqueenii 1921</a>, marked as public domain, more details on <a href=""https://commons.wikimedia.org/wiki/Template:PD-old"">Wikimedia Commons</a>",https://commons.wikimedia.org/wiki/File:Chlamydotis_macqueenii_1921.jpg,"Henrik Grönvold creator QS:P170,Q1314154 (https://commons.wikimedia.org/wiki/File:Chlamydotis_macqueenii_1921.jpg), „Chlamydotis macqueenii 1921“, marked as public domain, more details on Wikimedia Commons: https://commons.wikimedia.org/wiki/Template:PD-old"
COLLI,Pigeon,Columba livia domestica,"<a href=""https://commons.wikimedia.org/wiki/User:AnRo0002"">AnRo0002</a>, <a href=""https://commons.wikimedia.org/wiki/File:20161016Columba_livia_domestica1.jpg"">20161016Columba livia domestica1</a>, <a href=""https://creativecommons.org/publicdomain/zero/1.0/legalcode"" rel=""license"">CC0 1.0</a>",https://commons.wikimedia.org/wiki/File:20161016Columba_livia_domestica1.jpg,"AnRo0002 (https://commons.wikimedia.org/wiki/File:20161016Columba_livia_domestica1.jpg), „20161016Columba livia domestica1“, https://creativecommons.org/publicdomain/zero/1.0/legalcode"
COLST,Speckled mousebird,Colius striatus,"Veli Pohjonen, <a href=""https://commons.wikimedia.org/wiki/File:2009-0630-ColiStri-Ethiopia-BahirDar-029.jpg"">2009-0630-ColiStri-Ethiopia-BahirDar-029</a>, marked as public domain, more details on <a href=""https://commons.wikimedia.org/wiki/Template:PD-self"">Wikimedia Commons</a>",https://commons.wikimedia.org/wiki/File:2009-0630-ColiStri-Ethiopia-BahirDar-029.jpg,"Veli Pohjonen (https://commons.wikimedia.org/wiki/File:2009-0630-ColiStri-Ethiopia-BahirDar-029.jpg), „2009-0630-ColiStri-Ethiopia-BahirDar-029“, marked as public domain, more details on Wikimedia Commons: https://commons.wikimedia.org/wiki/Template:PD-self"
CORBR,American crow,Corvus brachyrhynchos,"DDWESQ, <a href=""https://commons.wikimedia.org/wiki/File:Corvus_BrachyrhynosI_2234.JPG"">Corvus BrachyrhynosI 2234</a>, marked as public domain, more details on <a href=""https://commons.wikimedia.org/wiki/Template:PD-self"">Wikimedia Commons</a>",https://commons.wikimedia.org/wiki/File:Corvus_BrachyrhynosI_2234.JPG,"DDWESQ (https://commons.wikimedia.org/wiki/File:Corvus_BrachyrhynosI_2234.JPG), „Corvus BrachyrhynosI 2234“, marked as public domain, more details on Wikimedia Commons: https://commons.wikimedia.org/wiki/Template:PD-self"
CUCCA,Common cuckoo,Cuculus canorus,,,
EGRGA,Little egret,Egretta garzetta,,,
EURHE,Sunbittern,Eurypyga helias,"<a href=""https://www.flickr.com/people/65695019@N07"">Bernard DUPONT</a>, <a href=""https://commons.wikimedia.org/wiki/File:Sunbittern_(Eurypyga_helias)_calling.jpg"">Sunbittern (Eurypyga helias) calling</a>, <a href=""https://creativecommons.org/licenses/by-sa/2.0/legalcode"" rel=""license"">CC BY-SA 2.0</a>",https://commons.wikimedia.org/wiki/File:Sunbittern_(Eurypyga_helias)_calling.jpg,"Bernard DUPONT (https://commons.wikimedia.org/wiki/File:Sunbittern_(Eurypyga_helias)_calling.jpg), „Sunbittern (Eurypyga helias) calling“, https://creativecommons.org/licenses/by-sa/2.0/legalcode"
FALPE,Peregrine falcon,Falco peregrinus,,,
FULGL,Northern fulmar,Fulmarus glacialis,"<a href=""https://www.flickr.com/people/8101022@N05"">ALAN SCHMIERER</a>, <a href=""https://commons.wikimedia.org/wiki/File:111_-_NORTHERN_FULMAR_(9-06)_aleutians,_ak_(2)_(8724571516).jpg"">111 - NORTHERN FULMAR (9-06) aleutians, ak (2) (8724571516)</a>, <a href=""https://creativecommons.org/publicdomain/zero/1.0/legalcode"" rel=""license"">CC0 1.0</a>","https://commons.wikimedia.org/wiki/File:111_-_NORTHERN_FULMAR_(9-06)_aleutians,_ak_(2)_(8724571516).jpg","ALAN SCHMIERER (https://commons.wikimedia.org/wiki/File:111_-_NORTHERN_FULMAR_(9-06)_aleutians,_ak_(2)_(8724571516).jpg), „111 - NORTHERN FULMAR (9-06) aleutians, ak (2) (8724571516)“, https://creativecommons.org/publicdomain/zero/1.0/legalcode"
GALGA,Chicken,Gallus gallus domesticus,"<a href=""https://commons.wikimedia.org/wiki/User:AnRo0002"">AnRo0002</a>, <a href=""https://commons.wikimedia.org/wiki/File:20161005Gallus_gallus_domesticus3.jpg"">20161005Gallus gallus domesticus3</a>, <a href=""https://creativecommons.org/publicdomain/zero/1.0/legalcode"" rel=""license"">CC0 1.0</a>",https://commons.wikimedia.org/wiki/File:20161005Gallus_gallus_domesticus3.jpg,"AnRo0002 (https://commons.wikimedia.org/wiki/File:20161005Gallus_gallus_domesticus3.jpg), „20161005Gallus gallus domesticus3“, https://creativecommons.org/publicdomain/zero/1.0/legalcode"
GAVST,Red-throated loon,Gavia stellata,"<a href=""https://www.flickr.com/people/8101022@N05"">ALAN SCHMIERER</a>, <a href=""https://commons.wikimedia.org/wiki/File:090_-_RED-THROATED_LOON_(3-25-10)_morro_bay,_slo_co,_ca_(3)_(8720115139).jpg"">090 - RED-THROATED LOON (3-25-10) morro bay, slo co, ca (3) (8720115139)</a>, <a href=""https://creativecommons.org/publicdomain/zero/1.0/legalcode"" rel=""license"">CC0 1.0</a>","https://commons.wikimedia.org/wiki/File:090_-_RED-THROATED_LOON_(3-25-10)_morro_bay,_slo_co,_ca_(3)_(8720115139).jpg","ALAN SCHMIERER (https://commons.wikimedia.org/wiki/File:090_-_RED-THROATED_LOON_(3-25-10)_morro_bay,_slo_co,_ca_(3)_(8720115139).jpg), „090 - RED-THROATED LOON (3-25-10) morro bay, slo co, ca (3) (8720115139)“, https://creativecommons.org/publicdomain/zero/1.0/legalcode"
GEOFO,Medium ground-finch,Geospiza fortis,"<a href=""https://commons.wikimedia.org/wiki/User:Daderot"">Daderot</a>, <a href=""https://commons.wikimedia.org/wiki/File:Geospiza_fortis_-_Hessisches_Landesmuseum_Darmstadt_-_Darmstadt,_Germany_-_DSC00099.jpg"">Geospiza fortis - Hessisches Landesmuseum Darmstadt - Darmstadt, Germany - DSC00099</a>, <a href=""https://creativecommons.org/publicdomain/zero/1.0/legalcode"" rel=""license"">CC0 1.0</a>","https://commons.wikimedia.org/wiki/File:Geospiza_fortis_-_Hessisches_Landesmuseum_Darmstadt_-_Darmstadt,_Germany_-_DSC00099.jpg","Daderot (https://commons.wikimedia.org/wiki/File:Geospiza_fortis_-_Hessisches_Landesmuseum_Darmstadt_-_Darmstadt,_Germany_-_DSC00099.jpg), „Geospiza fortis - Hessisches Landesmuseum Darmstadt - Darmstadt, Germany - DSC00099“, https://creativecommons.org/publicdomain/zero/1.0/legalcode"
HALAL,White-tailed eagle,Haliaeetus albicilla,"<a href=""https://commons.wikimedia.org/wiki/User:Gin_tonic"">Tokumi Ohsaka</a>, <a href=""https://commons.wikimedia.org/wiki/File:Wiki-c-ojirowashi.jpg"">Wiki-c-ojirowashi</a>, marked as public domain, more details on <a href=""https://commons.wikimedia.org/wiki/Template:PD-self"">Wikimedia Commons</a>",https://commons.wikimedia.org/wiki/File:Wiki-c-ojirowashi.jpg,"Tokumi Ohsaka (https://commons.wikimedia.org/wiki/File:Wiki-c-ojirowashi.jpg), „Wiki-c-ojirowashi“, marked as public domain, more details on Wikimedia Commons: https://commons.wikimedia.org/wiki/Template:PD-self"
HALLE,Bald eagle,Haliaeetus leucocephalus,"<a href=""https://commons.wikimedia.org/wiki/User:Ken_Thomas"">Ken Thomas</a>, <a href=""https://commons.wikimedia.org/wiki/File:Bald_Eagle-27527-9.jpg"">Bald Eagle-27527-9</a>, marked as public domain, more details on <a href=""https://commons.wikimedia.org/wiki/Template:PD-self"">Wikimedia Commons</a>",https://commons.wikimedia.org/wiki/File:Bald_Eagle-27527-9.jpg,"Ken Thomas (https://commons.wikimedia.org/wiki/File:Bald_Eagle-27527-9.jpg), „Bald Eagle-27527-9“, marked as public domain, more details on Wikimedia Commons: https://commons.wikimedia.org/wiki/Template:PD-self"
LEPDI,Cuckoo-roller,Leptosomus discolor,"anonymous, <a href=""https://commons.wikimedia.org/wiki/File:Leptosomus_discolor_-_1796-1808_-_Print_-_Iconographia_Zoologica_-_Special_Collections_University_of_Amsterdam_-_UBA01_IZ16700269.tif"">Leptosomus discolor - 1796-1808 - Print - Iconographia Zoologica - Special Collections University of Amsterdam - UBA01 IZ16700269</a>, marked as public domain, more details on <a href=""https://commons.wikimedia.org/wiki/Template:PD-old"">Wikimedia Commons</a>",https://commons.wikimedia.org/wiki/File:Leptosomus_discolor_-_1796-1808_-_Print_-_Iconographia_Zoologica_-_Special_Collections_University_of_Amsterdam_-_UBA01_IZ16700269.tif,"anonymous (https://commons.wikimedia.org/wiki/File:Leptosomus_discolor_-_1796-1808_-_Print_-_Iconographia_Zoologica_-_Special_Collections_University_of_Amsterdam_-_UBA01_IZ16700269.tif), „Leptosomus discolor - 1796-1808 - Print - Iconographia Zoologica - Special Collections University of Amsterdam - UBA01 IZ16700269“, marked as public domain, more details on Wikimedia Commons: https://commons.wikimedia.org/wiki/Template:PD-old"
MANVI,Golden-collared manakin,Manacus vitellinus,"<a href=""https://www.flickr.com/people/30818542@N04"">Francesco Veronesi</a> from Italy, <a href=""https://commons.wikimedia.org/wiki/File:Golden-collared_Manakin_-_Darien_-_Panama_(48446346507).jpg"">Golden-collared Manakin - Darien - Panama (48446346507)</a>, <a href=""https://creativecommons.org/licenses/by-sa/2.0/legalcode"" rel=""license"">CC BY-SA 2.0</a>",https://commons.wikimedia.org/wiki/File:Golden-collared_Manakin_-_Darien_-_Panama_(48446346507).jpg,"Francesco Veronesi from Italy (https://commons.wikimedia.org/wiki/File:Golden-collared_Manakin_-_Darien_-_Panama_(48446346507).jpg), „Golden-collared Manakin - Darien - Panama (48446346507)“, https://creativecommons.org/licenses/by-sa/2.0/legalcode"
MELGA,Turkey,Meleagris gallopavo,"<a href=""https://www.flickr.com/people/8101022@N05"">ALAN SCHMIERER</a>, <a href=""https://commons.wikimedia.org/wiki/File:089_-_WILD_TURKEY_(3-20-09)_canet_rd,_sloco,_ca_(3)_(8719904231).jpg"">089 - WILD TURKEY (3-20-09) canet rd, sloco, ca (3) (8719904231)</a>, <a href=""https://creativecommons.org/publicdomain/zero/1.0/legalcode"" rel=""license"">CC0 1.0</a>","https://commons.wikimedia.org/wiki/File:089_-_WILD_TURKEY_(3-20-09)_canet_rd,_sloco,_ca_(3)_(8719904231).jpg","ALAN SCHMIERER (https://commons.wikimedia.org/wiki/File:089_-_WILD_TURKEY_(3-20-09)_canet_rd,_sloco,_ca_(3)_(8719904231).jpg), „089 - WILD TURKEY (3-20-09) canet rd, sloco, ca (3) (8719904231)“, https://creativecommons.org/publicdomain/zero/1.0/legalcode"
MELUN,Budgerigar,Melopsittacus undulatus,"anonymous, <a href=""https://commons.wikimedia.org/wiki/File:Twogreenmalebudgies.jpg"">Twogreenmalebudgies</a>, marked as public domain, more details on <a href=""https://commons.wikimedia.org/wiki/Template:PD-self"">Wikimedia Commons</a>",https://commons.wikimedia.org/wiki/File:Twogreenmalebudgies.jpg,"anonymous (https://commons.wikimedia.org/wiki/File:Twogreenmalebudgies.jpg), „Twogreenmalebudgies“, marked as public domain, more details on Wikimedia Commons: https://commons.wikimedia.org/wiki/Template:PD-self"
MERNU,Carmine bee-eater,Merops nubicoides,"<a href=""https://www.flickr.com/people/9919745@N03"">Ron Knight</a> from Seaford, East Sussex, United Kingdom, <a href=""https://commons.wikimedia.org/wiki/File:Merops_nubicoides,_Shakawa,_Botswana_1.jpg"">Merops nubicoides, Shakawa, Botswana 1</a>, <a href=""https://creativecommons.org/licenses/by/2.0/legalcode"" rel=""license"">CC BY 2.0</a>","https://commons.wikimedia.org/wiki/File:Merops_nubicoides,_Shakawa,_Botswana_1.jpg","Ron Knight from Seaford, East Sussex, United Kingdom (https://commons.wikimedia.org/wiki/File:Merops_nubicoides,_Shakawa,_Botswana_1.jpg), „Merops nubicoides, Shakawa, Botswana 1“, https://creativecommons.org/licenses/by/2.0/legalcode"
MESUN,Brown mesite,Mesitornis unicolor,"Marc Athanase Parfait Œillet Des Murs (1804-1878), <a href=""https://commons.wikimedia.org/wiki/File:Mesitornis_unicolor_1849.jpg"">Mesitornis unicolor 1849</a>, marked as public domain, more details on <a href=""https://commons.wikimedia.org/wiki/Template:PD-old"">Wikimedia Commons</a>",https://commons.wikimedia.org/w/index.php?search=Mesitornis+Unicolore&title=Special:MediaSearch&go=Go&type=image,"Marc Athanase Parfait Œillet Des Murs (1804-1878) (https://commons.wikimedia.org/wiki/File:Mesitornis_unicolor_1849.jpg), „Mesitornis unicolor 1849“, marked as public domain, more details on Wikimedia Commons: https://commons.wikimedia.org/wiki/Template:PD-old"
NESNO,Kea,Nestor notabilis,"<a href=""https://www.flickr.com/people/88123769@N02"">Bernard Spragg. NZ</a> from Christchurch, New Zealand, <a href=""https://commons.wikimedia.org/wiki/File:The_Kea_(_Nestor_notabilis)_(8100901392).jpg"">The Kea ( Nestor notabilis) (8100901392)</a>, <a href=""https://creativecommons.org/publicdomain/zero/1.0/legalcode"" rel=""license"">CC0 1.0</a>",https://commons.wikimedia.org/wiki/File:The_Kea_(_Nestor_notabilis)_(8100901392).jpg,"Bernard Spragg. NZ from Christchurch, New Zealand (https://commons.wikimedia.org/wiki/File:The_Kea_(_Nestor_notabilis)_(8100901392).jpg), „The Kea ( Nestor notabilis) (8100901392)“, https://creativecommons.org/publicdomain/zero/1.0/legalcode"
NIPNI,Crested ibis,Nipponia nippon,"<a href=""https://commons.wikimedia.org/wiki/User:Danielinblue"">Danielinblue</a>, <a href=""https://commons.wikimedia.org/wiki/File:Zhuhuan2_xi'an.jpg"">Zhuhuan2 xi'an</a>, <a href=""https://creativecommons.org/licenses/by-sa/3.0/legalcode"" rel=""license"">CC BY-SA 3.0</a>",https://commons.wikimedia.org/wiki/File:Zhuhuan2_xi%27an.jpg,"Danielinblue (https://commons.wikimedia.org/wiki/File:Zhuhuan2_xi'an.jpg), „Zhuhuan2 xi'an“, https://creativecommons.org/licenses/by-sa/3.0/legalcode"
OPHHO,Hoatzin,Opisthocomus hoazin,"<a href=""https://www.wikidata.org/wiki/Q18508574"">Paul Louis Oudart</a> artist QS:P170,Q18508574 <a href=""/w/index.php?title=Creator:C._Motte&amp;action=edit&amp;redlink=1"">Creator:C. Motte</a>, <a href=""https://commons.wikimedia.org/wiki/File:Opisthocomus_hoazin_-_1825-1834_-_Print_-_Iconographia_Zoologica_-_Special_Collections_University_of_Amsterdam_-_UBA01_IZ19300059.tif"">Opisthocomus hoazin - 1825-1834 - Print - Iconographia Zoologica - Special Collections University of Amsterdam - UBA01 IZ19300059</a>, marked as public domain, more details on <a href=""https://commons.wikimedia.org/wiki/Template:PD-old"">Wikimedia Commons</a>",https://commons.wikimedia.org/wiki/File:Opisthocomus_hoazin_-_1825-1834_-_Print_-_Iconographia_Zoologica_-_Special_Collections_University_of_Amsterdam_-_UBA01_IZ19300059.tif,"Paul Louis Oudart artist QS:P170,Q18508574 Creator:C. Motte (https://commons.wikimedia.org/wiki/File:Opisthocomus_hoazin_-_1825-1834_-_Print_-_Iconographia_Zoologica_-_Special_Collections_University_of_Amsterdam_-_UBA01_IZ19300059.tif), „Opisthocomus hoazin - 1825-1834 - Print - Iconographia Zoologica - Special Collections University of Amsterdam - UBA01 IZ19300059“, marked as public domain, more details on Wikimedia Commons: https://commons.wikimedia.org/wiki/Template:PD-old"
PELCR,Dalmatian pelican,Pelecanus crispus,,,
PHACA,Great cormorant,Phalacrocorax carbo,,,
PHALE,White-tailed tropicbird,Phaethon lepturus,"<a href=""https://commons.wikimedia.org/wiki/User:Dunog"">Dunog</a>, <a href=""https://commons.wikimedia.org/wiki/File:Paille2007-12-23-.JPG"">Paille2007-12-23-</a>, marked as public domain, more details on <a href=""https://commons.wikimedia.org/wiki/Template:PD-self"">Wikimedia Commons</a>",https://commons.wikimedia.org/wiki/File:Paille2007-12-23-.JPG,"Dunog (https://commons.wikimedia.org/wiki/File:Paille2007-12-23-.JPG), „Paille2007-12-23-“, marked as public domain, more details on Wikimedia Commons: https://commons.wikimedia.org/wiki/Template:PD-self"
PHORU,American flamingo,Phoenicopterus ruber,"<a href=""https://commons.wikimedia.org/wiki/User:Verstreken"">Verstreken</a>, <a href=""https://commons.wikimedia.org/wiki/File:Animal_Flamingo.jpg"">Animal Flamingo</a>, marked as public domain, more details on <a href=""https://commons.wikimedia.org/wiki/Template:PD-self"">Wikimedia Commons</a>",https://commons.wikimedia.org/wiki/File:Animal_Flamingo.jpg,"Verstreken (https://commons.wikimedia.org/wiki/File:Animal_Flamingo.jpg), „Animal Flamingo“, marked as public domain, more details on Wikimedia Commons: https://commons.wikimedia.org/wiki/Template:PD-self"
PICPU,Downy woodpecker,Picoides pubescens,"<a href=""https://commons.wikimedia.org/wiki/User:Tgies001"">Tgies001</a>, <a href=""https://commons.wikimedia.org/wiki/File:Male_Downy_Woodpecker.jpg"">Male Downy Woodpecker</a>, marked as public domain, more details on <a href=""https://commons.wikimedia.org/wiki/Template:PD-self"">Wikimedia Commons</a>",https://commons.wikimedia.org/wiki/File:Male_Downy_Woodpecker.jpg,"Tgies001 (https://commons.wikimedia.org/wiki/File:Male_Downy_Woodpecker.jpg), „Male Downy Woodpecker“, marked as public domain, more details on Wikimedia Commons: https://commons.wikimedia.org/wiki/Template:PD-self"
PODCR,Great-crested grebe,Podiceps cristatus,,,
PTEGU,Yellow-throated sandgrouse,Pterocles gutturalis,"<a href=""https://en.wikipedia.org/wiki/en:Andrew_Smith_(zoologist)"">Andrew Smith</a> creator QS:P170,Q507606, <a href=""https://commons.wikimedia.org/wiki/File:Pterocles_gutturalis.jpg"">Pterocles gutturalis</a>, marked as public domain, more details on <a href=""https://commons.wikimedia.org/wiki/Template:PD-old"">Wikimedia Commons</a>",https://commons.wikimedia.org/wiki/File:Pterocles_gutturalis.jpg,"Andrew Smith creator QS:P170,Q507606 (https://commons.wikimedia.org/wiki/File:Pterocles_gutturalis.jpg), „Pterocles gutturalis“, marked as public domain, more details on Wikimedia Commons: https://commons.wikimedia.org/wiki/Template:PD-old"
PYGAD,Adelie penguin,Pygoscelis adeliae,"Denis Luyten, <a href=""https://commons.wikimedia.org/wiki/File:2007_Snow-Hill-Island_Luyten-De-Hauwere-Adelie-Penguin-11.jpg"">2007 Snow-Hill-Island Luyten-De-Hauwere-Adelie-Penguin-11</a>, marked as public domain, more details on <a href=""https://commons.wikimedia.org/wiki/Template:PD-author"">Wikimedia Commons</a>",https://commons.wikimedia.org/wiki/File:2007_Snow-Hill-Island_Luyten-De-Hauwere-Adelie-Penguin-11.jpg,"Denis Luyten (https://commons.wikimedia.org/wiki/File:2007_Snow-Hill-Island_Luyten-De-Hauwere-Adelie-Penguin-11.jpg), „2007 Snow-Hill-Island Luyten-De-Hauwere-Adelie-Penguin-11“, marked as public domain, more details on Wikimedia Commons: https://commons.wikimedia.org/wiki/Template:PD-author"
STRCA,Common ostrich,Struthio camelus,,,
TAEGU,Zebra finch,Taeniopygia guttata,"<a href=""https://en.wikipedia.org/wiki/nl:User:PICHT"">PICHT</a> at <a href=""https://en.wikipedia.org/wiki/nl:"">Dutch Wikipedia</a>, <a href=""https://commons.wikimedia.org/wiki/File:Taeniopygia_guttata_(male).jpg"">Taeniopygia guttata (male)</a>, marked as public domain, more details on <a href=""https://commons.wikimedia.org/wiki/Template:PD-user"">Wikimedia Commons</a>",https://commons.wikimedia.org/wiki/File:Taeniopygia_guttata_(male).jpg,"PICHT at Dutch Wikipedia (https://commons.wikimedia.org/wiki/File:Taeniopygia_guttata_(male).jpg), „Taeniopygia guttata (male)“, marked as public domain, more details on Wikimedia Commons: https://commons.wikimedia.org/wiki/Template:PD-user"
TAUER,Red-crested turaco,Tauraco erythrolophus,"<a href=""https://commons.wikimedia.org/wiki/User:Catleeball"">Cat Lee Ball</a>, <a href=""https://commons.wikimedia.org/wiki/File:Turaco-bird-leipzig-zoo.jpg"">Turaco-bird-leipzig-zoo</a>, <a href=""https://creativecommons.org/publicdomain/zero/1.0/legalcode"" rel=""license"">CC0 1.0</a>",https://commons.wikimedia.org/wiki/File:Turaco-bird-leipzig-zoo.jpg,"Cat Lee Ball (https://commons.wikimedia.org/wiki/File:Turaco-bird-leipzig-zoo.jpg), „Turaco-bird-leipzig-zoo“, https://creativecommons.org/publicdomain/zero/1.0/legalcode"
TINMA,White-throated tinamou,Tinamus guttatus,"anonymous, <a href=""https://commons.wikimedia.org/wiki/File:Tinamus_guttatus1.jpg"">Tinamus guttatus1</a>, <a href=""https://creativecommons.org/licenses/by-sa/2.5/legalcode"" rel=""license"">CC BY-SA 2.5</a>",https://commons.wikimedia.org/wiki/File:Tinamus_guttatus1.jpg,"anonymous (https://commons.wikimedia.org/wiki/File:Tinamus_guttatus1.jpg), „Tinamus guttatus1“, https://creativecommons.org/licenses/by-sa/2.5/legalcode"
TYTAL,Barn owl,Tyto alba,,,
ANOCA,Green anole lizard,Anolis carolinensis,"<a href=""https://commons.wikimedia.org/wiki/User:Bartiebert"">Danny S.</a>, <a href=""https://commons.wikimedia.org/wiki/File:Anolis_carolinensis_89.JPG"">Anolis carolinensis 89</a>, marked as public domain, more details on <a href=""https://commons.wikimedia.org/wiki/Template:PD-self"">Wikimedia Commons</a>",https://commons.wikimedia.org/wiki/File:Anolis_carolinensis_89.JPG,"Danny S. (https://commons.wikimedia.org/wiki/File:Anolis_carolinensis_89.JPG), „Anolis carolinensis 89“, marked as public domain, more details on Wikimedia Commons: https://commons.wikimedia.org/wiki/Template:PD-self"
ALLIG,American alligator,Alligator mississippiensis,"<a href=""https://commons.wikimedia.org/wiki/User:TimVickers"">TimVickers</a>, <a href=""https://commons.wikimedia.org/wiki/File:Alligator_mississippiensis_(2),.jpg"">Alligator mississippiensis (2),</a>, marked as public domain, more details on <a href=""https://commons.wikimedia.org/wiki/Template:PD-self"">Wikimedia Commons</a>","https://commons.wikimedia.org/wiki/File:Alligator_mississippiensis_(2),.jpg","TimVickers (https://commons.wikimedia.org/wiki/File:Alligator_mississippiensis_(2),.jpg), „Alligator mississippiensis (2),“, marked as public domain, more details on Wikimedia Commons: https://commons.wikimedia.org/wiki/Template:PD-self"
AMISS,American alligator,Alligator mississippiensis,,,
CHEMY,Green sea turtle,Chelonia mydas,"<a href=""https://commons.wikimedia.org/wiki/User:Delam2"">Delam2</a>, <a href=""https://commons.wikimedia.org/wiki/File:T7a.jpg"">T7a</a>, marked as public domain, more details on <a href=""https://commons.wikimedia.org/wiki/Template:PD-self"">Wikimedia Commons</a>",https://commons.wikimedia.org/wiki/File:T7a.jpg,"Delam2 (https://commons.wikimedia.org/wiki/File:T7a.jpg), „T7a“, marked as public domain, more details on Wikimedia Commons: https://commons.wikimedia.org/wiki/Template:PD-self"
